Technology,Degree,Betweenness,Eigenvector
Bash/Shell (all shells),1.0,0.00790691657491175,0.09229791353872983
SQL,1.0,0.00790691657491175,0.09229791353872983
PostgreSQL,1.0,0.00790691657491175,0.09229791353872985
Python,1.0,0.00790691657491175,0.09229791353872983
JavaScript,1.0,0.00790691657491175,0.09229791353872983
Amazon Web Services (AWS),0.9945652173913043,0.007107772146045293,0.092237536277762
HTML/CSS,0.9945652173913043,0.00722695139476838,0.0922281594077156
TypeScript,0.9945652173913043,0.006747859263858716,0.09225601680249926
Java,0.9945652173913043,0.007107772146045293,0.092237536277762
MySQL,0.9945652173913043,0.007107772146045293,0.092237536277762
Redis,0.9891304347826086,0.005958614256866023,0.09219563954153143
SQLite,0.9891304347826086,0.006075318650120668,0.09218626267148503
Node.js,0.9891304347826086,0.005958614256866023,0.09219563954153143
React,0.983695652173913,0.005294558861876916,0.09212588541051718
Google Cloud,0.983695652173913,0.005294558861876916,0.09212588541051718
Go,0.983695652173913,0.005890211678401094,0.09204102286497803
Elasticsearch,0.9782608695652174,0.005212047655498051,0.09196007433403106
MongoDB,0.9782608695652174,0.005102280513959802,0.09198485231402692
C,0.9728260869565217,0.004933316793310673,0.09182785793258973
Microsoft Azure,0.9728260869565217,0.0050028622445710035,0.09175332672804212
PHP,0.967391304347826,0.004776413824574543,0.09158378425337879
RabbitMQ,0.967391304347826,0.0040911961948244145,0.09179521222425414
Microsoft SQL Server,0.967391304347826,0.004447077807166784,0.09166300132704877
Rust,0.967391304347826,0.00495087439587129,0.09140621885772274
.NET (5+),0.967391304347826,0.004549509038351034,0.09147528579562578
C++,0.967391304347826,0.004560984035418853,0.09171217868384789
PowerShell,0.9619565217391304,0.004346067300640355,0.09127178847546208
MariaDB,0.9619565217391304,0.004005392364319139,0.09153612956947615
C#,0.9619565217391304,0.004332299931680808,0.09129201347660637
Spring Boot,0.9565217391304348,0.0036341656557185215,0.09144800738952753
Apache Kafka,0.9510869565217391,0.003928021856830064,0.090879560786657
Pandas,0.9510869565217391,0.0034270321626335525,0.09124807668637873
Cloudflare,0.9456521739130435,0.003402147653381536,0.09086075197458887
Digital Ocean,0.9456521739130435,0.003323780222633685,0.0909140474685753
NumPy,0.9456521739130435,0.0032740016003795103,0.09101740126672658
jQuery,0.9402173913043478,0.003264406290672462,0.09061027349989458
Angular,0.9402173913043478,0.003487448256106109,0.09040889441766864
Kotlin,0.9402173913043478,0.003573411402760132,0.09037545596049269
Torch/PyTorch,0.9347826086956521,0.0030355718513202633,0.0904544757038224
Oracle,0.9293478260869565,0.0029896843196926333,0.08991888388867963
Flask,0.9293478260869565,0.002830766594975307,0.0902975424022919
Express,0.9293478260869565,0.0029390893926870758,0.09011450509370358
Spring Framework,0.9293478260869565,0.002917619734346254,0.0900940309005476
FastAPI,0.9239130434782609,0.0028706291523682066,0.08976099876896156
Vue.js,0.9239130434782609,0.002752003076642078,0.08991322576743802
TensorFlow,0.9239130434782609,0.002659021633568983,0.09007205553269805
Django,0.9239130434782609,0.002753580164103697,0.08989734517740118
Next.js,0.9239130434782609,0.0029174827803683493,0.08974387293006325
Heroku,0.9239130434782609,0.0027048726566416574,0.09003793431755429
Dynamodb,0.9130434782608695,0.0028771923839760395,0.08915040586382388
ASP.NET CORE,0.9130434782608695,0.0030535075666170376,0.08865035110039872
WordPress,0.9076086956521738,0.0025714826076268064,0.08876017453206313
Firebase,0.8858695652173912,0.0020568833512790512,0.08776094865438705
VMware,0.8858695652173912,0.0022280210277115663,0.08741507112694201
Lua,0.8858695652173912,0.0022659835889692476,0.0873674744454368
Opencv,0.8804347826086957,0.001994593414976175,0.08733444327249484
BigQuery,0.8804347826086957,0.002349320951303971,0.08706685737741983
.NET Framework (1.0 - 4.8),0.8804347826086957,0.0023983089999676985,0.08681003286679945
Vercel,0.8804347826086957,0.002020175243203683,0.08733467793873999
Flutter,0.8804347826086957,0.001919868952316116,0.08751583194118163
Ruby,0.875,0.0024291892632559917,0.08632412610299849
Electron,0.8695652173913043,0.0019227049154779774,0.08663072174288107
ASP.NET,0.8695652173913043,0.0023119570932281907,0.08588670282306099
Scikit-Learn,0.858695652173913,0.0017441550042389298,0.08592133640523146
Hetzner,0.858695652173913,0.0018035489102007146,0.08572580379164423
OpenGL,0.842391304347826,0.0015409298353084714,0.08479564365145238
React Native,0.842391304347826,0.001450423074037446,0.08504611448137
Apache Spark,0.842391304347826,0.001652978010892126,0.08446040663473675
AngularJS,0.8369565217391304,0.0015930683983112568,0.08404480120395236
CUDA,0.8369565217391304,0.0016117906414705014,0.08406399518179243
Qt,0.8315217391304348,0.0014547878868413795,0.08400085793851164
Cassandra,0.8260869565217391,0.0013675987525533686,0.08373753485403958
Laravel,0.8206521739130435,0.0014166243839005403,0.0831018703306494
Ruby on Rails,0.8152173913043478,0.0013106526044175692,0.08290634747494367
Firebase Realtime Database,0.7989130434782609,0.0010250049335937428,0.08204209007369657
Dart,0.7934782608695652,0.0010376537285514001,0.08143684448842718
Assembly,0.7880434782608695,0.0012564873397997152,0.08032024373021801
Scala,0.7826086956521738,0.0012318077160162258,0.0796942186766321
"Linode, now Akamai",0.7826086956521738,0.0010405083103802136,0.08038418426289032
Netlify,0.7826086956521738,0.0010037742725149494,0.08038679197398513
Svelte,0.7771739130434783,0.001022497631713335,0.07979038138354011
R,0.7717391304347826,0.0009509987953622283,0.0795674685478039
H2,0.7717391304347826,0.0008970182992707378,0.07972756479094939
NestJS,0.7663043478260869,0.0008447527968775128,0.07932071903427954
Hugging Face Transformers,0.7608695652173912,0.00082668435482919,0.07893619371475351
VBA,0.7554347826086957,0.001025850276982683,0.07749293780320976
Groovy,0.7554347826086957,0.0009071369846335557,0.07804840466794555
Microsoft Access,0.7554347826086957,0.0010918854775450561,0.07737003165163152
Cloud Firestore,0.7554347826086957,0.0007237887301217286,0.0786959794182915
Visual Basic (.Net),0.7445652173913043,0.0010719586604314643,0.07627204862416695
Keras,0.7282608695652174,0.0006110199259999807,0.0765383930278819
Hadoop,0.7282608695652174,0.0006612132231104119,0.07622772504531326
Oracle Cloud Infrastructure (OCI),0.7119565217391304,0.0005337293219077528,0.07520801561517272
Neo4J,0.7065217391304348,0.0005641374251425704,0.07453989762603913
InfluxDB,0.7065217391304348,0.00045288187638758504,0.07491285256365185
Swift,0.7010869565217391,0.0004963019578824947,0.07415645300962644
Supabase,0.7010869565217391,0.0005281839813169689,0.07366848985842644
Nuxt.js,0.7010869565217391,0.0004412112431702739,0.07433924449675729
MATLAB,0.6956521739130435,0.0004953764814967521,0.07341872306479226
Htmx,0.6847826086956521,0.0005583902775904572,0.07241580540571901
OpenShift,0.6793478260869565,0.0004314101519565842,0.07207120834030563
Clickhouse,0.6739130434782609,0.0005538011184366187,0.07100523529884273
Managed Hosting,0.6739130434782609,0.0003878407562878001,0.07202018643828373
Snowflake,0.6739130434782609,0.0003814204488502374,0.07199966041921342
OVH,0.6684782608695652,0.00031555445559348455,0.07182896203114969
Cosmos DB,0.6684782608695652,0.00040319849593158135,0.07134966106221273
SwiftUI,0.6521739130434783,0.0002867547413981939,0.07024101541553641
Ruff,0.6467391304347826,0.00039686390060236516,0.06890067352986132
Blazor,0.6467391304347826,0.0002492168077747718,0.07003653737917843
Perl,0.6358695652173912,0.0003796871154879831,0.06809186458950389
Symfony,0.6304347826086957,0.00021951444453110794,0.06851221164819576
Fly.io,0.625,0.0002589862791238871,0.06708294575774534
Elixir,0.6086956521739131,0.000429477008742596,0.06453078023443087
Ionic,0.6086956521739131,0.00016639020402899204,0.0663515403919814
GTK,0.5978260869565217,0.00015467255791612504,0.06539076330062572
Databricks,0.592391304347826,0.0002137266575097317,0.06452232617855591
IBM DB2,0.592391304347826,0.00019626809595501508,0.06458444055716361
Delphi,0.5869565217391304,0.00034776621945895275,0.06293193833086781
Haskell,0.5815217391304348,0.00046305957054805963,0.062408008173751056
Astro,0.5815217391304348,0.00017810510932964293,0.06270801202412764
Drupal,0.5760869565217391,0.00011728578690093195,0.06341948172796985
DirectX,0.5706521739130435,0.00010418370790106892,0.0629400017268075
Fastify,0.5706521739130435,0.00010952850014958185,0.06251554620872009
Cordova,0.5652173913043478,0.00011952092457278741,0.062030506076653134
Gatsby,0.5652173913043478,0.00011364300267042955,0.06199951132427157
Render,0.5652173913043478,9.26801607512571e-05,0.06233402444567624
Solr,0.5597826086956521,6.0462482806642855e-05,0.062305653399512016
Tauri,0.5597826086956521,9.712196414333474e-05,0.06156383959962579
Databricks SQL,0.5597826086956521,8.73320742423509e-05,0.061881085772963196
Cockroachdb,0.5543478260869565,9.467273771829658e-05,0.06135290162280166
Xamarin,0.5543478260869565,9.511504645607449e-05,0.06129361391644459
GDScript,0.5489130434782609,5.13548864904628e-05,0.06121332275667101
OpenStack,0.5489130434782609,6.291893476737884e-05,0.061027829692768834
PythonAnywhere,0.5380434782608695,2.8910300672633183e-05,0.06057360657539898
Deno,0.5271739130434783,5.522469622373448e-05,0.058361495490149906
CodeIgniter,0.5271739130434783,4.590785938940467e-05,0.058920663295895084
Objective-C,0.5271739130434783,9.228858056588525e-05,0.05860249145122743
Vultr,0.5163043478260869,6.30905344936324e-05,0.057766569205548464
OpenCL,0.5163043478260869,5.160375494522754e-05,0.057698798873589925
Strapi,0.5163043478260869,7.73033226616282e-05,0.056751761343682476
DuckDB,0.5108695652173912,0.00013206979471116473,0.055880192166968115
MicroPython,0.5054347826086957,1.7496060086049163e-05,0.05721635987413546
Remix,0.4945652173913043,3.5985300698110124e-05,0.05510029158195823
mlflow,0.4891304347826087,8.801086492886318e-05,0.054004682073238976
IBM Cloud Or Watson,0.4891304347826087,1.6772549894850847e-06,0.05569491486056948
Phoenix,0.4891304347826087,0.0001126483848532413,0.054130692922401885
Solid.js,0.4782608695652174,2.5689299615079628e-05,0.05355382230290236
JAX,0.4782608695652174,4.562648102871823e-05,0.053671583105726714
Solidity,0.47282608695652173,1.5234109288877697e-05,0.05400507832996106
Clojure,0.45652173913043476,0.0002263559550424018,0.050891806338747986
Erlang,0.45652173913043476,3.886246297300545e-05,0.05136369695154498
Lisp,0.45652173913043476,6.346136958104156e-05,0.05094708143626915
Quarkus,0.44565217391304346,2.7828127925917708e-05,0.05040232615855851
Roslyn,0.44021739130434784,3.800622715408002e-05,0.04975848463539787
.NET MAUI,0.44021739130434784,8.354908231169663e-06,0.050240419357372036
Julia,0.43478260869565216,5.795322176117008e-05,0.04840049878181952
Couchbase,0.43478260869565216,1.0784878549192682e-05,0.04979296333978361
Couch DB,0.43478260869565216,8.538134006163635e-06,0.05003772761492131
Yii 2,0.4293478260869565,1.117846319586158e-05,0.04868719876167723
Prolog,0.42391304347826086,1.0924385135520373e-05,0.04848208915938799
MFC,0.42391304347826086,2.5605628316360484e-05,0.04739145771627532
Alibaba Cloud,0.41304347826086957,6.023415666869873e-06,0.04772398278868354
Capacitor,0.4076086956521739,6.860478014987927e-06,0.046252848965169686
Ktor,0.4076086956521739,8.351987342088505e-06,0.0468568462112851
Fortran,0.3967391304347826,5.4829529870595635e-05,0.04434217184083221
Tidyverse,0.3967391304347826,4.142434812769611e-05,0.04399941733908721
Play Framework,0.3858695652173913,1.0285306384583902e-06,0.0447681542765811
Firebird,0.3804347826086956,0.0,0.044156409573753684
Scaleway,0.358695652173913,2.25687988324706e-06,0.041646167448024074
F#,0.33695652173913043,1.7001285950628416e-05,0.038432771091151036
Zig,0.30434782608695654,5.823189337507396e-07,0.035476008631603745
Presto,0.30434782608695654,5.379502452169475e-06,0.03448445251876372
Apex,0.2826086956521739,0.0,0.033281171709389316
Colocation,0.27717391304347827,0.0,0.03272504192937043
Ada,0.27717391304347827,0.0,0.03259135432531146
Cobol,0.2717391304347826,2.4994222290961986e-06,0.031147036861189803
Elm,0.22282608695652173,7.332905091675979e-07,0.02589394565210382
OCaml,0.19565217391304346,0.0,0.02316145143778772
EventStoreDB,0.16847826086956522,0.0,0.02026198056557171
RavenDB,0.14130434782608695,0.0,0.016938248137947386
Crystal,0.1358695652173913,0.0,0.016343890810513854
Datomic,0.11413043478260869,0.0,0.013437470259234885
TiDB,0.08152173913043478,0.0,0.009855294719137183
Nim,0.07065217391304347,0.0,0.008530474481955813
Zephyr,0.048913043478260865,0.0,0.005919428510903386
